Fase,Mes,Ahorro Mes USD,Acumulado Mes USD,% Meta,Balance Ahorros,Estrategia,Notas
INICIAL,0,$0.00,$8053.97,17.9%,$8053.97,Punto partida,4 cuentas BNCR actuales
,,,,,,,
FASE 1: SANITIZACIÓN,,,,,,,
,1,$0.00,$8053.97,17.9%,$8053.97,Pagar TC 9837,$1445/mes a TC más alta
,2,$0.00,$8053.97,17.9%,$8053.97,Pagar TC 9837,$1445/mes
,3,$0.00,$8053.97,17.9%,$8053.97,Pagar TC 9837,$1445/mes
,4,$0.00,$8053.97,17.9%,$8053.97,Pagar TC 9837,$1445/mes (liquidada)
,5,$0.00,$8053.97,17.9%,$8053.97,Pagar TC 8759,$1433/mes a segunda más alta
,6,$0.00,$8053.97,17.9%,$8053.97,Pagar TC 8759,$1433/mes
SUBTOTAL FASE 1:,6 meses,$0.00,$8053.97,17.9%,$8053.97,"PRIORIDAD: Liquidar deuda, NO ahorrar",
,,,,,,,
FASE 2: TRANSICIÓN,,,,,,,
,7,$500.00,$8553.97,19.0%,$8553.97,TC 8759 + Iniciar ahorro,"$1433 TC, $500 ahorro"
,8,$500.00,$9053.97,20.1%,$9053.97,TC 8759,$1433 TC (liquidada)
,9,$500.00,$9553.97,21.2%,$9553.97,TC 3519,$596/mes + $500 ahorro
,10,$500.00,$10053.97,22.3%,$10053.97,TC 3519,$596/mes (liquidada)
,11,$500.00,$10553.97,23.5%,$10553.97,TC 6386,$592/mes + $500 ahorro
,12,$500.00,$11053.97,24.6%,$11053.97,TC 6386,$592/mes (liquidada) - TODAS TC PAGADAS ✅
SUBTOTAL FASE 2:,6 meses,$3000.00,$11053.97,24.6%,$11053.97,"Pagar últimas TC + comenzar ahorro modesto",
,,,,,,,
FASE 3: ACELERACIÓN,,,,,,,
,13,$2500.00,$13553.97,30.1%,$13553.97,Ahorro agresivo,TC liquidadas - redirigir $1445/mes
,14,$2500.00,$16053.97,35.7%,$16053.97,Ahorro agresivo,$1433/mes liberados
,15,$2500.00,$18553.97,41.2%,$18553.97,Ahorro agresivo,+ otros pagos eliminados
,16,$2500.00,$21053.97,46.8%,$21053.97,Ahorro agresivo,
,17,$2500.00,$23553.97,52.3%,$23553.97,Ahorro agresivo,
,18,$2500.00,$26053.97,57.9%,$26053.97,Ahorro agresivo,
,19,$2500.00,$28553.97,63.5%,$28553.97,Ahorro agresivo,
,20,$2500.00,$31053.97,69.0%,$31053.97,Ahorro agresivo,
,21,$2500.00,$33553.97,74.6%,$33553.97,Ahorro agresivo,
,22,$2500.00,$36053.97,80.1%,$36053.97,Ahorro agresivo,
,23,$2500.00,$38553.97,85.7%,$38553.97,Ahorro agresivo,
,24,$2500.00,$41053.97,91.2%,$41053.97,Ahorro agresivo,Meta casi alcanzada
SUBTOTAL FASE 3:,12 meses,$30000.00,$41053.97,91.2%,$41053.97,"Aceleración máxima - todas deudas TC liquidadas",
,,,,,,,
CONTINUACIÓN (SI NECESARIO),,,,,,,
,25,$2500.00,$43553.97,96.8%,$43553.97,Últimos ajustes,
,26,$1500.00,$45053.97,100.1%,$45053.97,META ALCANZADA ✅,Suficiente para enganche vivienda
,,,,,,,
RESUMEN FINAL:,,,,,,,
Meta vivienda:,,,$45000.00,100.0%,,,
Ahorro actual:,,,$8053.97,17.9%,,,
Pendiente ahorrar:,,,$36946.03,82.1%,,,
Total aportado 24 meses:,,,$33000.00,,,"$0 fase 1, $3k fase 2, $30k fase 3",
Balance final mes 24:,,,$41053.97,91.2%,,
Balance final mes 26:,,,$45053.97,100.1%,,"META CUMPLIDA en 26 meses (2 meses extra)",
,,,,,,,
FACTORES ÉXITO:,,,,,,,
1. Disciplina férrea FASE 1: NO tocar ahorros actuales,,,,,,,
2. Liquidar TC en 12 meses según plan avalanche,,,,,,,
3. Redirigir TODOS los pagos TC eliminados ($1445+$1433+$596+$592) = $4066/mes a ahorro FASE 3,,,,,,,
4. Mantener gastos fijos bajo control: $2809/mes máximo,,,,,,,
5. Incrementar ingresos 10-15% durante 24 meses (nuevos clientes),,,,,,,
